{"stats":{"minecraft:custom":{"minecraft:jump":104,"minecraft:time_since_rest":5211,"minecraft:leave_game":1,"minecraft:damage_dealt":242,"minecraft:crouch_one_cm":587,"minecraft:deaths":1,"minecraft:sprint_one_cm":15372,"minecraft:play_time":6935,"minecraft:damage_taken":272,"minecraft:time_since_death":5149,"minecraft:walk_one_cm":7973,"minecraft:sneak_time":180,"minecraft:total_world_time":6935,"minecraft:fall_one_cm":2839,"minecraft:fly_one_cm":84810,"minecraft:player_kills":1}},"DataVersion":3120}