{"stats":{"minecraft:mined":{"minecraft:oak_leaves":4},"minecraft:custom":{"minecraft:jump":184,"minecraft:time_since_rest":6200,"minecraft:leave_game":1,"minecraft:crouch_one_cm":415,"minecraft:deaths":1,"minecraft:sprint_one_cm":38037,"minecraft:play_time":10718,"minecraft:damage_taken":360,"minecraft:time_since_death":6155,"minecraft:walk_one_cm":6725,"minecraft:sneak_time":71,"minecraft:total_world_time":10718,"minecraft:fall_one_cm":13018,"minecraft:fly_one_cm":59226},"minecraft:picked_up":{"minecraft:oak_sapling":2}},"DataVersion":3120}