{"stats":{"minecraft:killed_by":{"mutationcraft:assimilated_fox":1,"mutationcraft:assimilated_spider":1,"mutationcraft:assimilated_wolf":1,"mutationcraft:assimilated_enderman":2},"minecraft:killed":{"mutationcraft:necroptor":1,"mutationcraft:assimilated_pig":1},"minecraft:custom":{"minecraft:time_since_rest":345,"minecraft:sprint_one_cm":62436,"minecraft:damage_taken":2339,"minecraft:walk_one_cm":124090,"minecraft:mob_kills":2,"minecraft:damage_dealt":2509,"minecraft:swim_one_cm":3751,"minecraft:interact_with_crafting_table":6,"minecraft:fly_one_cm":6180,"minecraft:open_chest":8,"minecraft:crouch_one_cm":1149,"minecraft:play_time":46705,"minecraft:deaths":6,"minecraft:sneak_time":208,"minecraft:walk_under_water_one_cm":89014,"minecraft:jump":277,"minecraft:time_since_death":2744,"minecraft:walk_on_water_one_cm":112632,"minecraft:climb_one_cm":286,"minecraft:total_world_time":46705,"minecraft:fall_one_cm":2216},"minecraft:used":{"minecraft:wooden_axe":53,"minecraft:wooden_pickaxe":30,"hunting_delight:worm":2,"minecraft:dirt":7,"minecraft:wooden_sword":196,"minecraft:crafting_table":3,"tombstone:gift":1,"minecraft:golden_axe":4},"minecraft:broken":{"minecraft:wooden_sword":3},"minecraft:crafted":{"minecraft:wooden_sword":6,"minecraft:oak_planks":44,"minecraft:crafting_table":2,"minecraft:stick":12,"minecraft:wooden_pickaxe":1,"minecraft:wooden_axe":2},"minecraft:picked_up":{"minecraft:mud_bricks":10,"minecraft:charcoal":2,"minecraft:oak_slab":2,"minecraft:crafting_table":2,"minecraft:mud_brick_stairs":2,"minecraft:red_mushroom":2,"minecraft:ochre_froglight":1,"mutationcraft:putrid_claw":1,"minecraft:porkchop":1,"minecraft:oak_log":46,"hunting_delight:chitin":1,"minecraft:dirt":18,"hunting_delight:animal_fat":1,"myceliummire:blueshroom":8,"minecraft:arrow":1,"myceliummire:bomb_vine":7,"minecraft:kelp":1,"minecraft:hay_block":1,"hunting_delight:broken_bone":8,"hunting_delight:pigcorpse":1,"hunting_delight:worm":2,"minecraft:oak_sapling":1,"minecraft:oak_planks":4,"minecraft:bricks":1},"minecraft:mined":{"minecraft:hay_block":1,"minecraft:oak_slab":2,"minecraft:crafting_table":2,"minecraft:grass":5,"minecraft:mycelium":1,"minecraft:mud_brick_stairs":2,"minecraft:grass_block":16,"minecraft:oak_log":47,"minecraft:ochre_froglight":1,"hunting_delight:pigcorpse":1,"minecraft:campfire":1,"minecraft:dirt":8,"myceliummire:bomb_vine":2,"myceliummire:yellowshroom":1,"minecraft:oak_planks":4,"minecraft:red_mushroom_block":4,"minecraft:bricks":3,"minecraft:mud_bricks":11,"minecraft:kelp":3,"minecraft:oak_leaves":1}},"DataVersion":3120}