{"stats":{"minecraft:crafted":{"minecraft:wooden_sword":1,"minecraft:oak_planks":12,"minecraft:stick":4,"minecraft:wooden_pickaxe":1,"minecraft:stone_pickaxe":1,"minecraft:bread":3,"minecraft:wheat":9},"minecraft:picked_up":{"minecraft:stick":4,"minecraft:leather":1,"hunting_delight:cowcorpse":1,"minecraft:sand":4,"minecraft:oak_log":3,"myceliummire:mushroom_vine":1,"minecraft:dirt":7,"hunting_delight:animal_fat":1,"minecraft:bone":4,"minecraft:arrow":1,"minecraft:rotten_flesh":6,"minecraft:wheat_seeds":2,"minecraft:hay_block":1,"minecraft:beef":1,"hunting_delight:broken_bone":36,"minecraft:carved_pumpkin":2,"minecraft:oak_sapling":4,"minecraft:cobblestone":25},"minecraft:used":{"minecraft:carved_pumpkin":2,"minecraft:bread":2,"hunting_delight:cowcorpse":1,"minecraft:wooden_pickaxe":27,"minecraft:rotten_flesh":6,"minecraft:wooden_sword":4,"minecraft:sand":2,"minecraft:bow":3,"minecraft:beef":1,"hunting_delight:humanmeat":6,"tombstone:gift":2},"minecraft:custom":{"minecraft:time_since_rest":5436,"minecraft:sprint_one_cm":97666,"minecraft:damage_taken":3005,"minecraft:walk_one_cm":104101,"minecraft:mob_kills":6,"minecraft:drop":1,"minecraft:inspect_hopper":3,"minecraft:damage_dealt":520,"minecraft:interact_with_crafting_table":6,"minecraft:fly_one_cm":106048,"minecraft:open_chest":1,"minecraft:crouch_one_cm":4293,"minecraft:play_time":46537,"tombstone:undead_killed":2,"minecraft:deaths":5,"minecraft:sneak_time":571,"minecraft:jump":1001,"minecraft:leave_game":2,"minecraft:time_since_death":5987,"minecraft:total_world_time":46537,"minecraft:climb_one_cm":628,"minecraft:fall_one_cm":25580},"minecraft:killed":{"minecraft:zombie":2,"minecraft:cow":1},"minecraft:dropped":{"minecraft:iron_sword":1},"minecraft:killed_by":{"mutationcraft:assimilated_human":1,"mutationcraft:assimilated_villager":1,"sanitydim:rotting_stalker":2,"mutationcraft:necroptor":1},"minecraft:mined":{"minecraft:hay_block":1,"minecraft:carved_pumpkin":2,"minecraft:grass":5,"minecraft:grass_block":1,"minecraft:oak_log":3,"minecraft:sand":4,"minecraft:dirt":6,"hunting_delight:cowcorpse":1,"minecraft:brown_mushroom_block":2,"minecraft:cobblestone":3,"minecraft:stone":22,"minecraft:oak_leaves":19}},"DataVersion":3120}