{"stats":{"minecraft:killed_by":{"mutationcraft:assimilated_enderman":2},"minecraft:killed":{"minecraft:sheep":4},"minecraft:custom":{"minecraft:time_since_rest":7732,"minecraft:sprint_one_cm":56881,"minecraft:damage_taken":630,"minecraft:walk_one_cm":57641,"minecraft:mob_kills":4,"minecraft:damage_dealt":330,"minecraft:interact_with_crafting_table":3,"minecraft:fly_one_cm":19368,"minecraft:crouch_one_cm":1858,"minecraft:play_time":22370,"minecraft:deaths":2,"minecraft:sneak_time":1472,"minecraft:walk_under_water_one_cm":450,"minecraft:jump":211,"minecraft:walk_on_water_one_cm":27481,"minecraft:time_since_death":9968,"minecraft:total_world_time":22370,"minecraft:climb_one_cm":5156,"minecraft:fall_one_cm":2559},"minecraft:used":{"minecraft:wooden_axe":9,"minecraft:birch_planks":31,"travelersbackpack:white_sleeping_bag":1,"minecraft:mutton":1,"minecraft:crafting_table":2,"scalinghealth:cursed_heart":1},"minecraft:crafted":{"travelersbackpack:white_sleeping_bag":1,"minecraft:crafting_table":2,"minecraft:stick":4,"minecraft:wooden_axe":1,"minecraft:birch_planks":42},"minecraft:picked_up":{"minecraft:birch_log":11,"minecraft:scaffolding":8,"minecraft:stick":1,"minecraft:red_mushroom":2,"minecraft:birch_planks":9,"minecraft:packed_mud":2,"myceliummire:mushroom_vine":2,"hunting_delight:animal_fat":8,"travelersbackpack:white_sleeping_bag":1,"myceliummire:raw_sharp_mushroom":1,"hunting_delight:broken_bone":15,"scalinghealth:cursed_heart":1,"minecraft:oak_sapling":1,"minecraft:mutton":6,"minecraft:white_wool":4,"minecraft:egg":1},"minecraft:mined":{"minecraft:birch_planks":9,"minecraft:scaffolding":1,"minecraft:packed_mud":2,"minecraft:birch_log":11,"myceliummire:mushroom_vine":2,"minecraft:birch_leaves":1,"minecraft:grass":1,"minecraft:mushroom_stem":1,"travelersbackpack:white_sleeping_bag":1,"myceliummire:yellowshroom":1,"minecraft:red_mushroom_block":8,"minecraft:small_dripleaf":1}},"DataVersion":3120}