{"stats":{"minecraft:crafted":{"minecraft:oak_planks":30,"minecraft:wooden_shovel":1,"minecraft:crafting_table":3,"minecraft:stick":20,"minecraft:wooden_pickaxe":2,"minecraft:stone_pickaxe":1,"minecraft:acacia_planks":52,"minecraft:birch_planks":22},"minecraft:broken":{"minecraft:wooden_pickaxe":1},"minecraft:picked_up":{"minecraft:birch_log":6,"minecraft:stick":1,"byg:cattail_sprout":2,"minecraft:andesite":5,"minecraft:acacia_log":17,"minecraft:gravel":8,"minecraft:flint":1,"minecraft:sand":20,"minecraft:oak_log":15,"minecraft:diorite":20,"minecraft:dirt":17,"byg:baobab_log":5,"minecraft:wheat_seeds":1,"minecraft:red_sand":3,"minecraft:iron_sword":1,"minecraft:cobblestone":32},"minecraft:used":{"minecraft:red_sand":3,"minecraft:wooden_pickaxe":68,"minecraft:wooden_shovel":16,"minecraft:sand":20,"minecraft:cobblestone":12,"minecraft:crafting_table":2,"minecraft:acacia_planks":1},"minecraft:custom":{"minecraft:time_since_rest":25413,"minecraft:sprint_one_cm":127112,"minecraft:damage_taken":3093,"minecraft:walk_one_cm":214972,"minecraft:drop":3,"minecraft:damage_dealt":288,"minecraft:swim_one_cm":770,"minecraft:interact_with_crafting_table":4,"minecraft:fly_one_cm":49385,"minecraft:crouch_one_cm":538,"minecraft:play_time":110902,"minecraft:deaths":10,"minecraft:sneak_time":281,"minecraft:walk_under_water_one_cm":522,"minecraft:jump":814,"minecraft:leave_game":2,"minecraft:walk_on_water_one_cm":1214,"minecraft:time_since_death":0,"minecraft:climb_one_cm":336,"minecraft:total_world_time":110902,"minecraft:fall_one_cm":10441},"minecraft:dropped":{"tombstone:grave_key":3},"minecraft:mined":{"minecraft:birch_log":6,"minecraft:andesite":5,"byg:cattail":1,"minecraft:grass":6,"minecraft:red_sand":3,"minecraft:acacia_log":17,"minecraft:grass_block":4,"minecraft:oak_log":16,"byg:baobab_log":5,"minecraft:gravel":9,"minecraft:dirt":12,"minecraft:sand":23,"minecraft:cobblestone":1,"minecraft:stone":33,"minecraft:diorite":20},"minecraft:killed_by":{"mutationcraft:assimilated_human":1,"mutationcraft:assimilated_fox":1,"mutationcraft:assimilated_spider":1,"mutationcraft:assimilated_roamer":2,"sanitydim:rotting_stalker":2,"mutationcraft:developed_roamer":1,"mutationcraft:assimilated_jockey":1,"minecraft:skeleton":1}},"DataVersion":3120}