{"stats":{"minecraft:crafted":{"byg:blue_enchanted_planks":4,"minecraft:crafting_table":1,"minecraft:stick":28,"minecraft:birch_planks":48},"minecraft:picked_up":{"hunting_delight:tainted_flesh":1,"minecraft:birch_log":12,"minecraft:birch_planks":1,"minecraft:porkchop":3,"minecraft:dark_oak_log":11,"minecraft:white_banner":1,"hunting_delight:animal_fat":1,"byg:blue_sand":1,"byg:purple_sand":1,"byg:blue_enchanted_log":1,"hunting_delight:broken_bone":5},"minecraft:used":{"minecraft:dark_oak_log":5,"minecraft:birch_planks":18,"minecraft:golden_helmet":1,"minecraft:fire_charge":1,"minecraft:white_banner":1,"minecraft:porkchop":3,"hunting_delight:humanmeat":2,"tombstone:gift":1,"minecraft:experience_bottle":1},"minecraft:custom":{"minecraft:time_since_rest":95,"minecraft:sprint_one_cm":58800,"minecraft:damage_taken":933,"minecraft:walk_one_cm":67970,"minecraft:mob_kills":1,"minecraft:drop":3,"minecraft:damage_dealt":216,"minecraft:swim_one_cm":14106,"minecraft:fly_one_cm":88066,"minecraft:open_chest":2,"minecraft:crouch_one_cm":4019,"minecraft:play_time":20134,"minecraft:deaths":2,"minecraft:sneak_time":802,"minecraft:walk_under_water_one_cm":3009,"minecraft:jump":481,"minecraft:leave_game":1,"minecraft:walk_on_water_one_cm":8771,"minecraft:time_since_death":0,"minecraft:total_world_time":20134,"minecraft:fall_one_cm":13874},"minecraft:dropped":{"tombstone:grave_dust":1,"hunting_delight:broken_bone":7,"hunting_delight:animal_fat":1},"minecraft:killed":{"minecraft:pig":1},"minecraft:killed_by":{"sanitydim:rotting_stalker":1},"minecraft:mined":{"minecraft:birch_planks":1,"minecraft:birch_log":12,"minecraft:fire":1,"minecraft:birch_leaves":2,"minecraft:grass":1,"byg:blue_sand":1,"byg:blue_enchanted_log":1,"byg:white_mushroom_stem":2,"byg:purple_sand":1,"minecraft:fern":1}},"DataVersion":3120}