{"stats":{"minecraft:crafted":{"minecraft:oak_planks":188,"minecraft:crafting_table":2,"minecraft:stick":24,"minecraft:wooden_pickaxe":2,"minecraft:stone_pickaxe":1,"minecraft:wooden_axe":2,"minecraft:acacia_planks":28},"minecraft:broken":{"minecraft:wooden_pickaxe":1},"minecraft:picked_up":{"iceandfire:dragon_skull_lightning":1,"minecraft:stick":4,"minecraft:crafting_table":2,"iceandfire:dragonbone":14,"minecraft:andesite":1,"minecraft:wooden_pickaxe":1,"minecraft:acacia_log":7,"minecraft:sand":5,"minecraft:oak_log":47,"hunting_delight:chitin":1,"minecraft:dirt":30,"minecraft:apple":4,"hunting_delight:broken_bone":4,"minecraft:oak_sapling":4,"hunting_delight:worm":4,"minecraft:birch_sapling":2,"minecraft:cobblestone":72},"minecraft:used":{"minecraft:wooden_axe":50,"minecraft:apple":3,"minecraft:wooden_pickaxe":86,"hunting_delight:worm":4,"minecraft:dirt":24,"minecraft:sand":5,"minecraft:cobblestone":69,"minecraft:crafting_table":2,"minecraft:oak_sapling":2,"hunting_delight:humanmeat":2,"tombstone:gift":2},"minecraft:custom":{"minecraft:time_since_rest":1,"minecraft:sprint_one_cm":103688,"minecraft:damage_taken":2281,"minecraft:walk_one_cm":173429,"minecraft:drop":15,"minecraft:damage_dealt":247,"minecraft:swim_one_cm":14703,"minecraft:interact_with_crafting_table":6,"minecraft:fly_one_cm":150630,"minecraft:crouch_one_cm":5795,"minecraft:play_time":62021,"minecraft:deaths":6,"minecraft:sneak_time":2813,"minecraft:walk_under_water_one_cm":9079,"minecraft:jump":1156,"minecraft:leave_game":4,"minecraft:walk_on_water_one_cm":10881,"minecraft:time_since_death":172,"minecraft:total_world_time":62021,"minecraft:fall_one_cm":23813},"minecraft:dropped":{"tombstone:grave_key":2,"minecraft:andesite":1,"minecraft:birch_sapling":2,"minecraft:oak_sapling":2,"hunting_delight:broken_bone":8,"minecraft:wooden_pickaxe":1,"hunting_delight:chitin":1,"minecraft:acacia_planks":2},"minecraft:killed_by":{"mutationcraft:assimilated_roamer":1,"mutationcraft:assimilated_cow":1,"sanitydim:rotting_stalker":1,"mutationcraft:necroptor":2,"minecraft:creeper":1},"minecraft:mined":{"minecraft:andesite":1,"minecraft:crafting_table":2,"minecraft:grass":5,"minecraft:acacia_log":7,"minecraft:grass_block":8,"minecraft:oak_log":47,"minecraft:sand":6,"minecraft:dirt":23,"minecraft:cobblestone":6,"minecraft:stone":68,"minecraft:oak_leaves":30}},"DataVersion":3120}