{
  "minecraft:adventure/root": {
    "criteria": {
      "killed_something": "2024-06-10 19:15:03 +0000"
    },
    "done": true
  },
  "minecraft:adventure/adventuring_time": {
    "criteria": {
      "minecraft:lukewarm_ocean": "2024-06-10 19:17:00 +0000",
      "minecraft:stony_shore": "2024-06-10 19:12:46 +0000",
      "minecraft:ocean": "2024-06-10 19:16:56 +0000",
      "minecraft:savanna": "2024-06-10 19:17:12 +0000",
      "minecraft:plains": "2024-06-10 19:17:11 +0000"
    },
    "done": false
  },
  "DataVersion": 3120
}